{
  "metadata": {
    "config_name": "keep08",
    "model": "qwen2-7b-instruct",
    "hardware": {
      "gpu_count": 8,
      "gpu_model": "NVIDIA RTX 5880 Ada Generation",
      "gpu_memory_gb": 47.37200927734375,
      "cuda_version": "12.8"
    },
    "pruning_config": {
      "prune_layers": [
        4,
        7,
        10,
        13,
        16,
        19,
        22,
        25
      ],
      "keep_ratio": 0.8,
      "min_head_tokens": 4,
      "min_tail_ratio": 0.1,
      "cumulative_keep_ratio": 0.1677721600000001
    },
    "run_info": {
      "timestamp": "2025-11-22T00:46:01",
      "script": "inference_sdtp.py",
      "mode": "profile",
      "benchmark_mode": "end2end"
    }
  },
  "results": {
    "1024": {
      "baseline": {
        "prefill_latency_seconds": 0.14608513901475817,
        "decode_latency_seconds": 2.14570014300989,
        "total_latency_seconds": 2.291785282024648,
        "memory_gb": 15.21665096282959,
        "kv_lens_after_prefill": [
          1024,
          1024,
          1024,
          1024,
          1024,
          1024,
          1024,
          1024,
          1024,
          1024,
          1024,
          1024,
          1024,
          1024,
          1024,
          1024,
          1024,
          1024,
          1024,
          1024,
          1024,
          1024,
          1024,
          1024,
          1024,
          1024,
          1024,
          1024
        ]
      },
      "sdtp": {
        "prefill_latency_seconds": 0.1363482360029593,
        "decode_latency_seconds": 2.5163540149806067,
        "total_latency_seconds": 2.652702250983566,
        "memory_gb": 14.416715145111084,
        "kv_lens_after_prefill": [
          171,
          171,
          171,
          171,
          171,
          171,
          171,
          171,
          171,
          171,
          171,
          171,
          171,
          171,
          171,
          171,
          171,
          171,
          171,
          171,
          171,
          171,
          171,
          171,
          171,
          171,
          171,
          171
        ],
        "tokens_kept": 171,
        "tokens_pruned": 853,
        "pruning_ratio": 0.8330078125,
        "pruning_steps": 8
      },
      "speedup": {
        "prefill": 1.0714120204062452,
        "decode": 0.8527020165826813,
        "total": 0.8639436563884629
      },
      "kv_reduction": 0.8330078125,
      "memory_reduction": 0.052569768451188485
    },
    "2048": {
      "baseline": {
        "prefill_latency_seconds": 0.31339508399832994,
        "decode_latency_seconds": 2.5781872420338914,
        "total_latency_seconds": 2.8915823260322213,
        "memory_gb": 16.15322780609131,
        "kv_lens_after_prefill": [
          2048,
          2048,
          2048,
          2048,
          2048,
          2048,
          2048,
          2048,
          2048,
          2048,
          2048,
          2048,
          2048,
          2048,
          2048,
          2048,
          2048,
          2048,
          2048,
          2048,
          2048,
          2048,
          2048,
          2048,
          2048,
          2048,
          2048,
          2048
        ]
      },
      "sdtp": {
        "prefill_latency_seconds": 0.18115236499579623,
        "decode_latency_seconds": 2.5555014410056174,
        "total_latency_seconds": 2.7366538060014136,
        "memory_gb": 14.541882991790771,
        "kv_lens_after_prefill": [
          342,
          342,
          342,
          342,
          342,
          342,
          342,
          342,
          342,
          342,
          342,
          342,
          342,
          342,
          342,
          342,
          342,
          342,
          342,
          342,
          342,
          342,
          342,
          342,
          342,
          342,
          342,
          342
        ],
        "tokens_kept": 342,
        "tokens_pruned": 1706,
        "pruning_ratio": 0.8330078125,
        "pruning_steps": 8
      },
      "speedup": {
        "prefill": 1.730008239227804,
        "decode": 1.0088772405541462,
        "total": 1.056612392729783
      },
      "kv_reduction": 0.8330078125,
      "memory_reduction": 0.09975373551612429
    },
    "4096": {
      "baseline": {
        "prefill_latency_seconds": 0.7354602019768208,
        "decode_latency_seconds": 0.24686101003317162,
        "total_latency_seconds": 0.9823212120099925,
        "memory_gb": 18.011229038238525,
        "kv_lens_after_prefill": [
          4096,
          4096,
          4096,
          4096,
          4096,
          4096,
          4096,
          4096,
          4096,
          4096,
          4096,
          4096,
          4096,
          4096,
          4096,
          4096,
          4096,
          4096,
          4096,
          4096,
          4096,
          4096,
          4096,
          4096,
          4096,
          4096,
          4096,
          4096
        ]
      },
      "sdtp": {
        "prefill_latency_seconds": 0.3804605120094493,
        "decode_latency_seconds": 2.623299285012763,
        "total_latency_seconds": 3.0037597970222123,
        "memory_gb": 14.799771785736084,
        "kv_lens_after_prefill": [
          685,
          685,
          685,
          685,
          685,
          685,
          685,
          685,
          685,
          685,
          685,
          685,
          685,
          685,
          685,
          685,
          685,
          685,
          685,
          685,
          685,
          685,
          685,
          685,
          685,
          685,
          685,
          685
        ],
        "tokens_kept": 685,
        "tokens_pruned": 3411,
        "pruning_ratio": 0.832763671875,
        "pruning_steps": 8
      },
      "speedup": {
        "prefill": 1.9330789366086816,
        "decode": 0.09410325823039692,
        "total": 0.3270305478433462
      },
      "kv_reduction": 0.832763671875,
      "memory_reduction": 0.17830306003462593
    },
    "8192": {
      "baseline": {
        "prefill_latency_seconds": 1.3548532599816099,
        "decode_latency_seconds": 3.29636085400125,
        "total_latency_seconds": 4.65121411398286,
        "memory_gb": 21.737975120544434,
        "kv_lens_after_prefill": [
          8192,
          8192,
          8192,
          8192,
          8192,
          8192,
          8192,
          8192,
          8192,
          8192,
          8192,
          8192,
          8192,
          8192,
          8192,
          8192,
          8192,
          8192,
          8192,
          8192,
          8192,
          8192,
          8192,
          8192,
          8192,
          8192,
          8192,
          8192
        ]
      },
      "sdtp": {
        "prefill_latency_seconds": 0.7315784520469606,
        "decode_latency_seconds": 2.7781709199771285,
        "total_latency_seconds": 3.509749372024089,
        "memory_gb": 15.315549373626709,
        "kv_lens_after_prefill": [
          1372,
          1372,
          1372,
          1372,
          1372,
          1372,
          1372,
          1372,
          1372,
          1372,
          1372,
          1372,
          1372,
          1372,
          1372,
          1372,
          1372,
          1372,
          1372,
          1372,
          1372,
          1372,
          1372,
          1372,
          1372,
          1372,
          1372,
          1372
        ],
        "tokens_kept": 1372,
        "tokens_pruned": 6820,
        "pruning_ratio": 0.83251953125,
        "pruning_steps": 8
      },
      "speedup": {
        "prefill": 1.8519589473838696,
        "decode": 1.1865219775709075,
        "total": 1.3252268526799345
      },
      "kv_reduction": 0.83251953125,
      "memory_reduction": 0.2954472857431844
    },
    "16384": {
      "baseline": {
        "prefill_latency_seconds": 3.527530580002349,