{
  "4096": 0.276908270335601,
  "8192": 0.5558234533236828
}