{
  "4096": 0.7430181933256487,
  "8192": 1.4018932926604368
}