{
  "metadata": {
    "config_name": "keep07",
    "model": "qwen2-7b-instruct",
    "hardware": {
      "gpu_count": 8,
      "gpu_model": "NVIDIA RTX 5880 Ada Generation",
      "gpu_memory_gb": 47.37200927734375,
      "cuda_version": "12.8"
    },
    "pruning_config": {
      "prune_layers": [
        4,
        7,
        10,
        13,
        16,
        19,
        22,
        25
      ],
      "keep_ratio": 0.7,
      "min_head_tokens": 4,
      "min_tail_ratio": 0.1,
      "cumulative_keep_ratio": 0.05764800999999997
    },
    "run_info": {
      "timestamp": "2025-11-22T00:47:18",
      "script": "inference_sdtp.py",
      "mode": "profile",
      "benchmark_mode": "end2end"
    }
  },
  "results": {
    "1024": {
      "baseline": {
        "prefill_latency_seconds": 0.15531043300870806,
        "decode_latency_seconds": 2.113687940989621,
        "total_latency_seconds": 2.268998373998329,
        "memory_gb": 15.21665096282959,
        "kv_lens_after_prefill": [
          1024,
          1024,
          1024,
          1024,
          1024,
          1024,
          1024,
          1024,
          1024,
          1024,
          1024,
          1024,
          1024,
          1024,
          1024,
          1024,
          1024,
          1024,
          1024,
          1024,
          1024,
          1024,
          1024,
          1024,
          1024,
          1024,
          1024,
          1024
        ]
      },
      "sdtp": {
        "prefill_latency_seconds": 0.10028491204138845,
        "decode_latency_seconds": 1.3927349260193296,
        "total_latency_seconds": 1.493019838060718,
        "memory_gb": 14.416715145111084,
        "kv_lens_after_prefill": [
          57,
          57,
          57,
          57,
          57,
          57,
          57,
          57,
          57,
          57,
          57,
          57,
          57,
          57,
          57,
          57,
          57,
          57,
          57,
          57,
          57,
          57,
          57,
          57,
          57,
          57,
          57,
          57
        ],
        "tokens_kept": 57,
        "tokens_pruned": 967,
        "pruning_ratio": 0.9443359375,
        "pruning_steps": 8
      },
      "speedup": {
        "prefill": 1.548691920322073,
        "decode": 1.517652714455073,
        "total": 1.519737592332014
      },
      "kv_reduction": 0.9443359375,
      "memory_reduction": 0.052569768451188485
    },
    "2048": {
      "baseline": {
        "prefill_latency_seconds": 0.316790689015761,
        "decode_latency_seconds": 2.601040594978258,
        "total_latency_seconds": 2.917831283994019,
        "memory_gb": 16.15322780609131,
        "kv_lens_after_prefill": [
          2048,
          2048,
          2048,
          2048,
          2048,
          2048,
          2048,
          2048,
          2048,
          2048,
          2048,
          2048,
          2048,
          2048,
          2048,
          2048,
          2048,
          2048,
          2048,
          2048,
          2048,
          2048,
          2048,
          2048,
          2048,
          2048,
          2048,
          2048
        ]
      },
      "sdtp": {
        "prefill_latency_seconds": 0.14570832095341757,
        "decode_latency_seconds": 0.38287426898023114,
        "total_latency_seconds": 0.5285825899336487,
        "memory_gb": 14.541882991790771,
        "kv_lens_after_prefill": [
          117,
          117,
          117,
          117,
          117,
          117,
          117,
          117,
          117,
          117,
          117,
          117,
          117,
          117,
          117,
          117,
          117,
          117,
          117,
          117,
          117,
          117,
          117,
          117,
          117,
          117,
          117,
          117
        ],
        "tokens_kept": 117,
        "tokens_pruned": 1931,
        "pruning_ratio": 0.94287109375,
        "pruning_steps": 8
      },
      "speedup": {
        "prefill": 2.174142745883661,
        "decode": 6.79345886028334,
        "total": 5.520104785063551
      },
      "kv_reduction": 0.94287109375,
      "memory_reduction": 0.09975373551612429
    },
    "4096": {
      "baseline": {
        "prefill_latency_seconds": 0.7538274539983831,
        "decode_latency_seconds": 0.24978248600382358,
        "total_latency_seconds": 1.0036099400022067,
        "memory_gb": 18.011229038238525,
        "kv_lens_after_prefill": [
          4096,
          4096,
          4096,
          4096,
          4096,
          4096,
          4096,
          4096,
          4096,
          4096,
          4096,
          4096,
          4096,
          4096,
          4096,
          4096,
          4096,
          4096,
          4096,
          4096,
          4096,
          4096,
          4096,
          4096,
          4096,
          4096,
          4096,
          4096
        ]
      },
      "sdtp": {
        "prefill_latency_seconds": 0.31179045396856964,
        "decode_latency_seconds": 1.2206197509658523,
        "total_latency_seconds": 1.532410204934422,
        "memory_gb": 14.799771785736084,
        "kv_lens_after_prefill": [
          235,
          235,
          235,
          235,
          235,
          235,
          235,
          235,
          235,
          235,
          235,
          235,
          235,
          235,
          235,
          235,
          235,
          235,
          235,
          235,
          235,
          235,
          235,
          235,
          235,
          235,
          235,
          235
        ],
        "tokens_kept": 235,
        "tokens_pruned": 3861,
        "pruning_ratio": 0.942626953125,
        "pruning_steps": 8
      },
      "speedup": {
        "prefill": 2.4177374400127514,
        "decode": 0.20463578916052738,
        "total": 0.6549225114597532
      },
      "kv_reduction": 0.942626953125,
      "memory_reduction": 0.17830306003462593
    },
    "8192": {
      "baseline": {
        "prefill_latency_seconds": 1.3904958000057377,
        "decode_latency_seconds": 3.289886443002615,
        "total_latency_seconds": 4.680382243008353,
        "memory_gb": 21.737975120544434,
        "kv_lens_after_prefill": [
          8192,
          8192,
          8192,
          8192,
          8192,
          8192,
          8192,
          8192,
          8192,
          8192,
          8192,
          8192,
          8192,
          8192,
          8192,
          8192,
          8192,
          8192,
          8192,
          8192,
          8192,
          8192,
          8192,
          8192,
          8192,
          8192,
          8192,
          8192
        ]
      },
      "sdtp": {
        "prefill_latency_seconds": 0.5465263180085458,
        "decode_latency_seconds": 0.358910390001256,
        "total_latency_seconds": 0.9054367080098018,
        "memory_gb": 15.315549373626709,
        "kv_lens_after_prefill": [
          471,
          471,
          471,
          471,
          471,
          471,
          471,
          471,
          471,
          471,
          471,
          471,
          471,
          471,
          471,
          471,
          471,
          471,
          471,
          471,
          471,
          471,
          471,
          471,
          471,
          471,
          471,
          471
        ],
        "tokens_kept": 471,
        "tokens_pruned": 7721,
        "pruning_ratio": 0.9425048828125,
        "pruning_steps": 8
      },
      "speedup": {
        "prefill": 2.5442430751962344,
        "decode": 9.166317093776811,
        "total": 5.169198687886293
      },
      "kv_reduction": 0.9425048828125,
      "memory_reduction": 0.2954472857431844
    },
    "16384": {
      "baseline": {
        "prefill_latency_seconds": 3.5911321060266346,
        "decode_latency_seconds": 4.5641895339940675,